{
  "best_model": "random_forest",
  "best_accuracy": 0.9664804469273743,
  "all_results": {
    "logreg": {
      "accuracy": 0.9497206703910615,
      "report": {
        "fist": {
          "precision": 1.0,
          "recall": 0.9473684210526315,
          "f1-score": 0.972972972972973,
          "support": 19.0
        },
        "l_sign": {
          "precision": 0.8235294117647058,
          "recall": 0.875,
          "f1-score": 0.8484848484848485,
          "support": 16.0
        },
        "none": {
          "precision": 1.0,
          "recall": 0.7272727272727273,
          "f1-score": 0.8421052631578947,
          "support": 11.0
        },
        "ok": {
          "precision": 1.0,
          "recall": 1.0,
          "f1-score": 1.0,
          "support": 13.0
        },
        "open_palm": {
          "precision": 0.9354838709677419,
          "recall": 1.0,
          "f1-score": 0.9666666666666667,
          "support": 29.0
        },
        "peace": {
          "precision": 1.0,
          "recall": 1.0,
          "f1-score": 1.0,
          "support": 19.0
        },
        "point": {
          "precision": 0.8181818181818182,
          "recall": 0.8181818181818182,
          "f1-score": 0.8181818181818182,
          "support": 11.0
        },
        "rock": {
          "precision": 1.0,
          "recall": 1.0,
          "f1-score": 1.0,
          "support": 22.0
        },
        "thumbs_down": {
          "precision": 0.9545454545454546,
          "recall": 1.0,
          "f1-score": 0.9767441860465116,
          "support": 21.0
        },
        "thumbs_up": {
          "precision": 0.9444444444444444,
          "recall": 0.9444444444444444,
          "f1-score": 0.9444444444444444,
          "support": 18.0
        },
        "accuracy": 0.9497206703910615,
        "macro avg": {
          "precision": 0.9476184999904165,
          "recall": 0.9312267410951621,
          "f1-score": 0.9369600199955157,
          "support": 179.0
        },
        "weighted avg": {
          "precision": 0.9516813262109183,
          "recall": 0.9497206703910615,
          "f1-score": 0.9489964424429663,
          "support": 179.0
        }
      },
      "labels": [
        "fist",
        "l_sign",
        "none",
        "ok",
        "open_palm",
        "peace",
        "point",
        "rock",
        "thumbs_down",
        "thumbs_up"
      ],
      "confusion_matrix": [
        [
          18,
          1,
          0,
          0,
          0,
          0,
          0,
          0,
          0,
          0
        ],
        [
          0,
          14,
          0,
          0,
          0,
          0,
          2,
          0,
          0,
          0
        ],
        [
          0,
          0,
          8,
          0,
          2,
          0,
          0,
          0,
          0,
          1
        ],
        [
          0,
          0,
          0,
          13,
          0,
          0,
          0,
          0,
          0,
          0
        ],
        [
          0,
          0,
          0,
          0,
          29,
          0,
          0,
          0,
          0,
          0
        ],
        [
          0,
          0,
          0,
          0,
          0,
          19,
          0,
          0,
          0,
          0
        ],
        [
          0,
          2,
          0,
          0,
          0,
          0,
          9,
          0,
          0,
          0
        ],
        [
          0,
          0,
          0,
          0,
          0,
          0,
          0,
          22,
          0,
          0
        ],
        [
          0,
          0,
          0,
          0,
          0,
          0,
          0,
          0,
          21,
          0
        ],
        [
          0,
          0,
          0,
          0,
          0,
          0,
          0,
          0,
          1,
          17
        ]
      ]
    },
    "random_forest": {
      "accuracy": 0.9664804469273743,
      "report": {
        "fist": {
          "precision": 1.0,
          "recall": 0.9473684210526315,
          "f1-score": 0.972972972972973,
          "support": 19.0
        },
        "l_sign": {
          "precision": 0.8235294117647058,
          "recall": 0.875,
          "f1-score": 0.8484848484848485,
          "support": 16.0
        },
        "none": {
          "precision": 1.0,
          "recall": 1.0,
          "f1-score": 1.0,
          "support": 11.0
        },
        "ok": {
          "precision": 1.0,
          "recall": 1.0,
          "f1-score": 1.0,
          "support": 13.0
        },
        "open_palm": {
          "precision": 1.0,
          "recall": 1.0,
          "f1-score": 1.0,
          "support": 29.0
        },
        "peace": {
          "precision": 1.0,
          "recall": 1.0,
          "f1-score": 1.0,
          "support": 19.0
        },
        "point": {
          "precision": 0.8333333333333334,
          "recall": 0.9090909090909091,
          "f1-score": 0.8695652173913043,
          "support": 11.0
        },
        "rock": {
          "precision": 1.0,
          "recall": 0.9545454545454546,
          "f1-score": 0.9767441860465116,
          "support": 22.0
        },
        "thumbs_down": {
          "precision": 0.9545454545454546,
          "recall": 1.0,
          "f1-score": 0.9767441860465116,
          "support": 21.0
        },
        "thumbs_up": {
          "precision": 1.0,
          "recall": 0.9444444444444444,
          "f1-score": 0.9714285714285714,
          "support": 18.0
        },
        "accuracy": 0.9664804469273743,
        "macro avg": {
          "precision": 0.9611408199643494,
          "recall": 0.963044922913344,
          "f1-score": 0.961593998237072,
          "support": 179.0
        },
        "weighted avg": {
          "precision": 0.9686513508399804,
          "recall": 0.9664804469273743,
          "f1-score": 0.9671127136271659,
          "support": 179.0
        }
      },
      "labels": [
        "fist",
        "l_sign",
        "none",
        "ok",
        "open_palm",
        "peace",
        "point",
        "rock",
        "thumbs_down",
        "thumbs_up"
      ],
      "confusion_matrix": [
        [
          18,
          1,
          0,
          0,
          0,
          0,
          0,
          0,
          0,
          0
        ],
        [
          0,
          14,
          0,
          0,
          0,
          0,
          2,
          0,
          0,
          0
        ],
        [
          0,
          0,
          11,
          0,
          0,
          0,
          0,
          0,
          0,
          0
        ],
        [
          0,
          0,
          0,
          13,
          0,
          0,
          0,
          0,
          0,
          0
        ],
        [
          0,
          0,
          0,
          0,
          29,
          0,
          0,
          0,
          0,
          0
        ],
        [
          0,
          0,
          0,
          0,
          0,
          19,
          0,
          0,
          0,
          0
        ],
        [
          0,
          1,
          0,
          0,
          0,
          0,
          10,
          0,
          0,
          0
        ],
        [
          0,
          1,
          0,
          0,
          0,
          0,
          0,
          21,
          0,
          0
        ],
        [
          0,
          0,
          0,
          0,
          0,
          0,
          0,
          0,
          21,
          0
        ],
        [
          0,
          0,
          0,
          0,
          0,
          0,
          0,
          0,
          1,
          17
        ]
      ]
    },
    "mlp": {
      "accuracy": 0.9664804469273743,
      "report": {
        "fist": {
          "precision": 1.0,
          "recall": 0.9473684210526315,
          "f1-score": 0.972972972972973,